Intent (Category),User Question Variation,Official Bot Response,Source URL,Notes
ask_garbage_schedule,What time is garbage collected in my area?,"As per the latest BBMP update effective from August 25, 2025, door-to-door garbage collection now starts at 5:30 a.m. daily in most wards. Residents should put their waste outside before 5:30 a.m. to ensure timely pickup. This change aims to prevent leftover garbage during the day and improve overall city cleanliness. Local ward timings may vary slightly, so check with local ward officials for specifics.",https://www.hindustantimes.com/cities/bengaluru-news/bengaluru-sets-new-morning-schedule-for-waste-pickup-check-new-timings-here-101756175113381.html,"Schedule shifted earlier from August 25, 2025."
ask_garbage_schedule,When does garbage pickup happen in my street?,"BBMP collects waste door-to-door beginning at 5:30 a.m. daily from August 25, 2025. The exact pickup time may vary by locality/ward. It is advised to contact your local BBMP officials or ward office for accurate timing and day schedules. Residents should place garbage bins out early. This schedule modification aims to fit better with residents' morning routines and reduce illegal dumping.",https://www.goodreturns.in/news/bengaluru-waste-pickup-timings-changed-bbmp-announces-new-morning-schedule-from-august-25-check-now-1452327.html,Residents should keep bins outside before pickup window.
ask_collection_days,Which days is garbage collected in my area?,"BBMP arranges daily wet waste collection for most households, typically early morning. Dry waste is collected two to three times a week, depending on the ward. Users should provide their ward or locality to BBMP for the exact dry waste schedule. These differentiated schedules assist in effective waste processing and recycling.",https://site.bbmp.gov.in/documents/Schedule%20Yelahanka.pdf,"Schedules differ by ward, so ask for ward number/locality."
ask_missed_pickup,My garbage was not picked up today—what do I do?,"We regret the inconvenience. Missed pickups must be reported immediately via BBMP’s helpline (1533, 080-22660000), WhatsApp complaint number (9448197197), or the Sahaaya app portal. Provide precise address and photo evidence if possible. BBMP assigns a ticket number upon complaint registration and prioritizes these issues for prompt resolution.",https://www.thehindu.com/news/national/karnataka/bbmp-launches-whatsapp-helpline-for-waste-related-complaints/article69687344.ece,Missed pickup complaints are given high priority; include photos if possible.
ask_bulk_waste,How can I dispose of old furniture or bulky waste items?,"Bulk waste such as furniture, mattresses, and large appliances are not collected during regular pickups. Residents must contact the BBMP zonal office, use the Sahaaya app or WhatsApp to book a bulk waste pickup. Fees may apply based on the item weight, especially as these wastes are treated as construction and demolition debris, which require specialized handling and disposal at private recycling plants.",https://www.goodreturns.in/news/bengaluru-waste-pickup-timings-changed-bbmp-announces-new-morning-schedule-from-august-25-check-now-1452327.html,Bulk pickups are by pre-arrangement and may incur charges.
ask_segregation_rules,How should I segregate my waste for BBMP?,"BBMP mandates three-way segregation at source: Wet waste (green bin) for kitchen and garden waste, dry waste (blue bin/bag) for recyclables like paper, plastic, and glass, and sanitary/hazardous waste (red bin) for items like diapers, batteries. Segregation ensures proper composting, recycling, and safe disposal, supporting the city’s solid waste management goals.",https://site.bbmp.gov.in/documents/faqswmeng.pdf,Segregation is legally mandatory with enforced penalties on non-compliance.
ask_garbage_fines,Are there penalties for illegal garbage dumping?,"Yes, since April 2025, BBMP levies fines ranging from ₹100 for minor littering to ₹5,000 or more for bulk or hazardous dumping. These penalties are meant to discourage illegal dumping and support the city’s cleanliness drive. Proper waste segregation and authorized waste handover are mandatory to avoid fines.",https://www.indiatoday.in/cities/bengaluru/story/garbage-tax-from-april-1-2025-bangalore-bbmp-levies-waste-management-collection-charges-2702086-2025-04-01,Fines and user charges were updated in 2025 to fund solid waste management.
ask_garbage_fines,Do I have to pay a garbage tax?,"Starting April 1, 2025, BBMP charges a solid waste management user fee collected annually on property tax bills. The fee ranges from ₹10 to ₹400 monthly, based on the size of the residential or commercial property. Commercial properties are charged per kilogram of waste generation. This fee supports door-to-door waste collection services and infrastructure maintenance.",https://www.indiatoday.in/cities/bengaluru/story/garbage-tax-from-april-1-2025-bangalore-bbmp-levies-waste-management-collection-charges-2702086-2025-04-01,Garbage tax is scaled based on property size and waste generation.
ask_recyclables,Is recyclable waste collected separately?,"Yes, dry recyclable waste such as paper, plastics, metals, and glass are collected separately 2–3 times per week, as per your ward schedule. Residents must keep recyclables clean and dry in designated blue bags or containers to facilitate effective recycling processes.",https://site.bbmp.gov.in/departmentwebsites/swm/Dry_Wast.html,Clean recyclables improve the recycled material quality and collection efficiency.
ask_zero_waste_program,How can I join BBMP composting or zero waste initiatives?,BBMP encourages community composting and zero waste programs across many wards. Residents can express interest or register for local composting centers through the SWM department or ward offices. These programs offer training and resources to citizens for sustainable waste management and waste reduction at source.,"https://citizenmatters.in/swachagraha-kalika-kendra-hsr-park-decentralised-waste-management-composting-bbmp/, https://bpac.in/b-clean-b-green/zero-waste-blr/",Community composting centers and awareness programs facilitate participation.
ask_pickup_times,When should I put garbage outside for pickup?,"Residents are requested to place their garbage outside their homes before 5:30 a.m. daily for timely collection. Early placement is essential to ensure waste collection teams can complete picks efficiently, avoiding leftover or scattered garbage through the day that contributes to public health issues.",https://www.hindustantimes.com/cities/bengaluru-news/bengaluru-sets-new-morning-schedule-for-waste-pickup-check-new-timings-here-101756175113381.html,Early placement supports better cleanliness and reduces rodent attractions.
ask_waste_disposal,Can I dispose of construction debris with my household garbage?,"No, construction and demolition waste must be handled separately. BBMP mandates disposal of C&D waste at designated collection points or processing centers to avoid contamination and health hazards. Residents are encouraged to contact BBMP or authorized services for C&D waste pickup and disposal.",https://site.bbmp.gov.in/documents/Guidelines%20For%20Construction%20And%20Demolition%20Waste%20Management.pdf,C&D waste requires special handling; improper disposal leads to fines.
ask_hazardous_waste,"How do I dispose hazardous waste like batteries, e-waste?","Hazardous waste including batteries, electronic waste, and biomedical waste must be disposed only at designated collection centers or through authorized channels to prevent environmental contamination. Mixed disposal with household waste is strictly prohibited under BBMP regulations.","https://site.bbmp.gov.in/documents/faqswmeng.pdf, https://site.bbmp.gov.in/departmentwebsites/swm/",Special e-waste collection points like Zolopik ensure proper recycling.
ask_garbage_contact,Which number do I call for garbage collection complaints?,"For all waste-related complaints, residents can call BBMP helpline 1533 or 080-22660000, or register complaints through the official Sahaaya app with supporting photos. This ensures quick logging and resolution by relevant BBMP departments.",https://site.bbmp.gov.in/contact.html,The helpline operates during municipal working hours.
ask_public_awareness,Does BBMP conduct awareness programs on waste segregation?,"Yes, BBMP frequently holds workshops and drives in wards to educate residents on segregation best practices. Public participation is crucial to the success of the city’s waste management goals and ongoing campaigns promote responsible waste handling.",https://site.bbmp.gov.in/swmnew.html,Community engagement is key to increasing compliance.
ask_garbage_volume,How much waste am I allowed to put out for collection each day?,BBMP recommends residents follow specific quantity guidelines per household to ensure efficient waste collection. Contact your ward office for limits and use official bins or bags. Proper waste quantities prevent service overload and improve cleanliness.,https://site.bbmp.gov.in/swmnew.html,Limits are in place to maintain smooth waste collection.
ask_pet_waste,How do I properly dispose pet waste in my residential area?,"Pet waste should be collected in biodegradable bags and disposed alongside wet waste when permitted in your area, or otherwise through sanitary waste bins, as per BBMP guidelines. Proper pet waste disposal helps maintain neighborhood sanitation and prevent disease.",https://site.bbmp.gov.in/documents/faqswmeng.pdf,Follow sanitary guidelines to protect health.
ask_waste_collection,Does BBMP collect biomedical waste directly from homes?,Biomedical waste collection is generally managed by the Health Department with specific rules and pickups. Residents with home healthcare needs should contact BBMP health authorities for pickup schedules or disposal instructions.,https://site.bbmp.gov.in/departmentwebsites/swm/,Special arrangements needed; contact local health office.
ask_waste_collection,Is prior appointment required for large waste or bulk collection pickups?,"Yes, bulky waste collection requires residents to schedule pickups in advance through the Sahaaya app, WhatsApp, or local ward office. This ensures efficient collection planning and prevents illegal dumping.",https://site.bbmp.gov.in/departmentwebsites/swm/,Bulk pickups are coordinated and may involve fees.
ask_waste_penalty,What are the penalties for illegal dumping or waste rule violations?,"BBMP enforces fines for violations including littering, illegal dumping, and improper segregation. Penalties start at ₹100 and can escalate depending on offense severity. These rules support the cleanliness and health of the city’s environment.",https://site.bbmp.gov.in/,Enforcement has become stringent under recent bylaws.
ask_waste_services,What waste management services does BBMP provide to residents?,"BBMP provides door-to-door collection of wet and dry waste, bulk waste pickups arranged by appointment, street sweeping, community composting services, and awareness campaigns. Services vary slightly by ward and are aimed at improving urban cleanliness and sustainability.",https://site.bbmp.gov.in/swmnew.html,Availability of services may vary by zone and population density.
ask_dry_waste_pickup,How frequently is dry waste collected by BBMP?,Dry recyclable waste such as paper and plastics is typically collected two to three times per week depending on the ward. Residents are encouraged to keep recyclables clean and dry and placed separately in designated recyclables collection bags or bins.,https://site.bbmp.gov.in/departmentwebsites/swm/Dry_Wast.html,Following this promotes effective recycling and waste diversion from landfills.
ask_wet_waste_pickup,Is wet waste collected daily in Bengaluru?,"Yes, wet organic waste including kitchen scraps and garden waste is collected daily by BBMP teams, usually early in the morning. Daily collection reduces odor, prevents pests, and supports composting efforts.",https://site.bbmp.gov.in/swmnew.html,Prompt disposal of wet waste ensures a hygienic environment.
ask_waste_disposal_1,What special provisions exist for commercial waste disposal?,Commercial establishments must segregate waste as per BBMP rules and use licensed waste collectors. Non-compliance may result in heavier fines. Commercial waste is managed separately to prevent contamination and support waste-to-energy or recycling programs.,https://site.bbmp.gov.in/swmnew.html,Commercial entities are subject to stricter monitoring and enforcement.
ask_composting,How does BBMP promote home and community composting?,BBMP supports community composting centers in many wards and offers training to residents on home composting techniques. This initiative reduces landfill waste and converts organic matter into usable compost for gardening and agriculture.,https://citizenmatters.in/swachagraha-kalika-kendra-hsr-park-decentralised-waste-management-composting-bbmp/,Composting reduces methane emissions and enriches soil.
ask_chatbot_help,Does BBMP have an automated system to help with waste complaints?,"Yes, BBMP offers waste complaint registration via a WhatsApp chatbot, Sahaaya app, and online portals. Users can quickly report issues with photos and receive ticket confirmations for tracking.",https://site.bbmp.gov.in/contact.html,Chatbots and apps streamline citizen engagement for faster resolution.
ask_waste_pickup_delay,Why has my garbage not been collected as scheduled?,Delays in garbage pickup may be due to operational issues such as vehicle breakdown or staff shortages. Report missed collections promptly through BBMP helpline or apps to ensure priority attention.,"https://site.bbmp.gov.in/contact.html, https://www.reddit.com/r/bangalore/comments/1hvp664/this_is_about_how_i_contacted_the_bbmp_garbage/",Documenting delays helps BBMP improve service reliability.
ask_ward_locator,How do I find my BBMP ward number and related contacts?,Use the BBMP online ward finder tool by entering your address or locality. This will display your ward number and corresponding ward office contacts for grievances and service requests.,https://site.bbmp.gov.in/wards.html,Correct ward info essential for accurate complaint routing.
ask_collection_zone,Are garbage collection schedules different for residential vs commercial areas?,Residential and commercial collections follow distinct schedules. Commercial areas usually require contracted licensed waste collectors and have stricter handling protocols. Verify schedules and obligations with local BBMP offices or ward portals.,https://site.bbmp.gov.in/swmnew.html,Non-compliance by commercial entities faces tougher penalties.
ask_green_waste,How is garden and tree waste managed by BBMP?,"BBMP collects garden and tree waste separately, channeling it to composting facilities. Residents are encouraged to segregate this waste and contact BBMP for bulk green waste pickups when needed.",https://site.bbmp.gov.in/swmnew.html,This program supports Bangalore’s urban forestry and green initiatives.
ask_recycle_center,Where can I take recyclables and e-waste for disposal?,BBMP has designated collection centers for recyclables and e-waste. Zolopik is a known e-waste collection center in Bangalore offering safe disposal and recycling. Contact your ward office or visit the BBMP portal for locations.,"https://site.bbmp.gov.in/swmnew.html, https://zolopikcom.wpcomstaging.com/blog/where-to-dispose-e-waste-in-bangalore/",Proper disposal prevents environmental contamination.
ask_bulky_waste_schedule,How often does BBMP collect bulky waste?,Bulky waste pickups occur as per ward-specific schedules and require prior booking through the Sahaaya app or helpline. Advance scheduling ensures collection efficiency and reduces illegal dumping.,"https://site.bbmp.gov.in/swmnew.html, https://site.bbmp.gov.in/documents/Schedule%20Yelahanka.pdf",Plan bulky waste disposal early to avoid fines for illegal dumping.
ask_eco_initiatives,What ecological initiatives does BBMP run for waste management?,"BBMP promotes source segregation, community composting, plastic reduction, and clean city campaigns under its Solid Waste Management policy. Educational programs and green audits are part of efforts to develop Bangalore as a sustainable, model city.","https://site.bbmp.gov.in/swmnew.html, https://bpac.in/bengaluru-circular-waste-management-solutions/",Regular public awareness and incentives encourage citizen participation.
ask_waste_management_rules,Where can I find official waste segregation guidelines?,"Detailed BBMP Solid Waste Management rules, including segregation, collection, and disposal guidelines, are available in PDF format on the BBMP portal. These serve as the basis for enforcement and citizen compliance.",https://site.bbmp.gov.in/documents/faqswmeng.pdf,Familiarize yourself with these to avoid penalties and improve waste handling at home.
ask_complaint_confirmation,How will I know if my complaint about garbage was accepted?,"Upon lodging a complaint via BBMP helpline or Sahaaya app, you will receive an SMS confirmation with a ticket number. Use this number for tracking complaint status and follow-up queries.",https://site.bbmp.gov.in/contact.html,Keep your ticket reference to assist officials and monitor progress.
ask_garbage_contact_info,What are the BBMP contact numbers for waste management queries?,"Call BBMP helpline 1533 or 080-22660000 for garbage-related assistance, or use the Sahaaya mobile app to lodge complaints with supporting photos. These channels are active during municipal working hours.",https://site.bbmp.gov.in/contact.html,Online app channels offer convenience and faster logging.
ask_waste_collection_tips,How should I prepare my waste for collection to avoid issues?,"Ensure waste is segregated into wet and dry categories, placed in tightly covered bins or bags to avoid spillage, and placed outside before pickup time. Avoid mixing recyclables with wet waste or hazardous items. Proper preparation supports fast, effective collections and cleaner neighborhoods.",https://site.bbmp.gov.in/documents/faqswmeng.pdf,Correct preparation helps prevent lost or rejected pickups.
ask_citizen_role,What role do citizens have in improving waste management?,"Citizens play a critical role by segregating waste, avoiding littering, promptly reporting missed pickups, participating in clean-up drives, and promoting awareness among neighbors. Community cooperation towards BBMP guidelines drives sustainable urban sanitation.",https://site.bbmp.gov.in/swmnew.html,Collective action significantly improves city cleanliness.
ask_waste_penalties,Are there legal consequences for improper waste disposal?,"Under Karnataka’s Plastic and Solid Waste Management rules, improper disposal, littering, or illegal dumping attract fines and penalties, enforceable under BBMP bylaws and state laws, supporting environmental protection and public health.",https://www.indiacode.nic.in/bitstream/123456789/3293/1/KA71_2017.pdf,Stay informed about legal obligations to avoid fines.
property_tax_payment,How can I pay my BBMP property tax online?,"You can pay property tax online through the official BBMP property tax portal at https://bbmptax.karnataka.gov.in/. Enter your Property Identification Number (PID) or SAS Application Number, verify your property details, choose your payment mode (credit/debit card, UPI, net banking) and complete the transaction. An e-receipt and SMS confirmation will be generated within 24 hours upon successful payment.",https://bbmptax.karnataka.gov.in,Keep your SAS or PID ready before starting.
payment_offline,Can I pay BBMP property tax offline?,"Yes, apart from online payments, you can pay property tax offline at designated BBMP Ward Offices, BangaloreOne centers, and select authorized banks. Carry your PID, previous tax receipt, and necessary identity proofs for a smooth experience. Receipts are given immediately for offline payments.",https://site.bbmp.gov.in/citizenservice.html,Check operating hours of your nearest office before visiting.
payment_status,How can I check my property tax payment status?,"Visit the “Payment Status” page on the official BBMP portal (https://bbmptax.karnataka.gov.in/forms/continuepayment.aspx). Enter your payment reference number, SAS, or PID to verify if your payment has been processed and receipt issued. status updates may take up to 24 hours. For unresolved payments, you can lodge a grievance on the same portal or email dcrev@bbmp.gov.in.",https://bbmptax.karnataka.gov.in/forms/continuepayment.aspx,Keep payment transaction details handy to check status or raise complaints.
tax_deadline,What is the last date to pay property tax without penalty?,"For the assessment year 2025-26, the last date for property tax payment without penalty is March 31, 2025. BBMP often offers a 5% rebate if payment is made in a lump sum before May 31, 2025. Deadlines and rebate details are published annually on BBMP’s property tax portal Notices page.",https://bbmptax.karnataka.gov.in/pages/disclimer.aspx,Rebates and deadlines are subject to change; always check official Notices each year.
tax_penalty,What penalties do I face for late property tax payments?,"Late payments attract up to 100% penalty on the unpaid tax amount plus an annual interest rate of up to 15%, effective immediately from April 1 of the following financial year. Detailed penalty calculation and dates are available on BBMP’s Notices page and via news portals. Penalties compound monthly if dues remain unpaid.","https://bbmptax.karnataka.gov.in/Notices/NoticesPayment_Trans.aspx, https://economictimes.indiatimes.com",Penalties and interest rates are revised periodically; refer to official Notices for accuracy.
tax_calculation,How is BBMP property tax calculated?,"BBMP calculates property tax using the Unit Area Value (UAV) method. The formula generally is: Tax = (Built-up Area x Rate per sq. ft. x 10 months) minus depreciation, plus applicable cess. Property type, occupancy (self-occupied or rented), and zone classification affect rates. Use BBMP’s online calculator to get an estimate based on your property details before payment.",https://bbmptax.karnataka.gov.in/forms/calculator.aspx,"Calculation varies based on occupancy, zone, usage. Use the official calculator for precise liability."
receipt_issue,I paid my property tax but didn’t get a receipt; what should I do?,"Check the payment status on the BBMP portal under the “Payment Status” section. If your receipt is not generated within 24 hours, file a grievance on the portal with your payment transaction number and other details. BBMP support will investigate and update you accordingly.",https://bbmptax.karnataka.gov.in/forms/continuepayment.aspx,Retain bank transaction details and payment confirmation SMS for reference.
owner_details_update,How can I update the property owner’s information on tax records?,"Submit a “Khata Transfer” or ownership update application at the BBMP portal or the respective ward revenue office. Upload sale deed, identity proofs, and e-Khata certificates. Check the application status online. Proper documentation speeds up processing and is mandatory for all ownership changes.",https://bbmptax.karnataka.gov.in/forms/Aro_New_Property.aspx,Applications can take weeks for approval; ensure all forms and documents are complete.
tax_exemptions,Are there any rebates or exemptions for property tax?,"Yes, BBMP offers exemptions and rebates to senior citizens, freedom fighters, charitable trusts, agricultural properties, and others, as per eligibility criteria. The current rebate of 5% is available for early payments. Updated forms and eligibility guidelines are published annually on the BBMP property tax portal’s Notices and Form pages.","https://bbmptax.karnataka.gov.in/pages/disclimer.aspx, https://bbmptax.karnataka.gov.in/forms/NewForm6_public.aspx",Keep updated with yearly changes in rebate policies.
multi_year_payment,Can I clear pending property tax dues for multiple years at once?,"Yes, through BBMP’s online portal, you can pay outstanding property tax dues for multiple assessment years in a single transaction. The portal will display cumulative dues, including penalties for delayed payments, if any.",https://bbmptax.karnataka.gov.in,Useful for clearing arrears efficiently.
penalty_appeal,How can I appeal against property tax penalties?,Appeals must be submitted formally via the BBMP grievance process. Complete the appeal form on the BBMP portal with proper documentation explaining the grounds. Appeals are reviewed by officers; decisions communicated online.,https://bbmptax.karnataka.gov.in/forms/Complaintrequest.aspx,Appeals should be lodged within stipulated timelines from penalty notification.
tax_status_check,How to check the status of my property tax assessment?,"Use the “Property Tax Assessment Status” feature on BBMP portal by entering your PID or SAS. It shows current assessment details, tax dues, exemptions, and payment history.",https://bbmptax.karnataka.gov.in,Helps confirm property liability status before payment.
payment_modes,What modes of payment are accepted by BBMP for property tax?,"BBMP accepts multiple modes: credit card, debit card, net banking, UPI, mobile wallets for online payments. Offline cash and cheque payments can be made at authorized collection centers.",https://bbmptax.karnataka.gov.in,Choose payment method based on convenience and availability.
rebate_claim,How do I claim rebate on my property tax payment?,Rebates for early payment are automatically applied by BBMP when payment is made within the rebate period (April-May). No separate application is required for standard rebates.,https://bbmptax.karnataka.gov.in/pages/disclimer.aspx,Higher or additional rebates may need formal applications.
complaint_filing,How do I file a complaint about property tax issues?,Log complaints or grievances on BBMP’s portal via the grievance section with relevant payment or assessment details. You can also email dcrev@bbmp.gov.in for assistance.,https://bbmptax.karnataka.gov.in/forms/Complaintrequest.aspx,Keep records of submitted complaints and ticket numbers for follow-ups.
assessment_correction,How do I request a correction in property tax assessment?,"Submit Form V on the BBMP portal for corrections in property usage, built-up area, or ownership. Attach supporting documents and await verification. Status is trackable online.",https://bbmptax.karnataka.gov.in/forms/FormV.aspx,Accurate documentation prevents rejection or delays.
duplicate_receipt,How do I get a duplicate property tax receipt?,You can download a duplicate receipt by entering your assessment details and payment reference on the receipt download page of BBMP portal.,https://bbmptax.karnataka.gov.in/forms/PrintForms.aspx?rptype=3,Useful if you have lost original receipts.
tax_rate_info,Where can I find the current property tax rates?,"Annual property tax rates for different zones and property types are published under Notices on BBMP portal. Rates may vary for residential, commercial, rental, or vacant properties.",https://bbmptax.karnataka.gov.in/pages/disclimer.aspx,Check frequently for updates or special notifications.
refund_process,What happens if I pay my property tax twice accidentally?,"BBMP detects double payments and initiates auto refunds within 10 working days. For discrepancies or delays, lodge a grievance through the portal with payment details. Refunds are credited to original bank accounts used for payment.",https://bbmptax.karnataka.gov.in/grievanceregister.aspx,Ensure bank account info is accurate during payment to avoid refund issues.
tax_payment_receipt_time,How soon after payment can I get my property tax receipt?,E-receipts are generally available for download within 24 hours after successful payment on the BBMP portal. SMS and email confirmations are also sent to registered contacts.,https://bbmptax.karnataka.gov.in/forms/continuepayment.aspx,Keep payment confirmation safe until receipt is downloaded.
property_tax_info,What is the overall importance of paying BBMP property tax timely?,"Timely payment funds local infrastructure, sanitation, road maintenance, and public services. Delays invite penalties and interest, disrupt civic service planning, and affect property sale/transfer legality.",https://site.bbmp.gov.in/citizenservice.html,Helps maintain Bangalore’s infrastructure and services efficiently.
property_tax_form,Where can I download property tax payment forms?,"Property tax payment forms (including Form IV, Form V for assessments and revisions) are available on the official BBMP portal. You can download, fill, and upload these forms during online payment or submit them offline at the revenue office.",https://bbmptax.karnataka.gov.in/forms/forms.aspx,"Use correct form based on purpose (new payment, revision, transfer)."
property_tax_revised_return,How do I file a revised property tax return online?,"Revised property tax returns for the current assessment year can be filed on the BBMP portal under ""Revised Returns"" section. It is used to update changes in property usage, area, or ownership before the final tax is computed. The last date for filing revisions is March 31 of the assessment year.",https://bbmptax.karnataka.gov.in/forms/revisedreturn.aspx,Check deadlines to avoid penalty; submit evidence with revision application.
payment_installments,Can I pay property tax in instalments?,BBMP allows property tax payment in full or quarterly instalments via the online portal. Select your preferred payment method and instalment option during checkout. Instalment payments can improve cash flow management but must be completed by deadlines to avoid penalties.,https://bbmptax.karnataka.gov.in,Installment options may change; confirm current availability on portal.
payment_receipt_print,How do I print my property tax payment receipt?,"Login to the BBMP property tax payment portal, navigate to ""Download Receipts,"" enter your assessment number and payment reference to generate a downloadable/printable receipt. Receipts are generally available within 24 hours of successful payment.",https://bbmptax.karnataka.gov.in/forms/PrintForms.aspx,Save receipt copies for property records and future queries.
tax_payment_helpdesk,What is the BBMP helpdesk contact for property tax issues?,"For payment-related issues, contact BBMP’s Revenue Department through the portal grievance section or at the designated email dcrev@bbmp.gov.in. Helpline numbers are available on the BBMP website for assistance during office hours.",https://site.bbmp.gov.in/contact.html,Keep document copies and transaction details ready when contacting support.
tax_receipt_correction,What if the property tax receipt has wrong details?,"Report receipt discrepancies immediately via BBMP grievance portal, providing payment details and correct data. BBMP will investigate and rectify errors or issue amended receipts officially.",https://bbmptax.karnataka.gov.in/forms/Complaintrequest.aspx,Preserve incorrect receipts until official corrections are issued.
tax_dispute_resolution,How do I resolve disputes over property tax assessments?,Submit formal disputes and supporting evidence through the revenue office or online grievance portal. BBMP officials will review and provide decisions. Appeals can be escalated to higher authorities if unsatisfied.,https://bbmptax.karnataka.gov.in/forms/Complaintrequest.aspx,Follow up regularly as resolutions can take time.
property_transfer_tax,How is property transfer handled in BBMP property tax records?,"Property ownership transfer (Khata transfer) requires submitting a deed of sale and identity proofs to BBMP Revenue Office or online portal. Upon approval, property tax records update to new owner. Tax liabilities also transfer accordingly.",https://bbmptax.karnataka.gov.in/forms/Aro_New_Property.aspx,Ensure all legal sale processes are completed before tax transfer.
tax_relief_programs,Are there any tax relief programs for specific groups?,"BBMP provides relief and exemptions for senior citizens, freedom fighters, differently-abled persons, and charitable trusts upon verified applications. These programs reduce or waive property tax as per eligibility criteria.",https://bbmptax.karnataka.gov.in/pages/disclimer.aspx,Application guidelines and renewal procedures detailed on the portal.
penalty_payment_options,Can I pay just the penalty without paying full property tax?,BBMP requires full tax dues plus applicable penalties and interest to be cleared together. Partial penalty-only payments are not accepted. Use the portal to check total outstanding including penalties.,https://bbmptax.karnataka.gov.in/,Complete dues required to renew documents or transfer property ownership.
tax_identification,What is PID and how do I find mine?,PID (Property Identification Number) is a unique number assigned to each property by BBMP for tax and ownership tracking. It’s printed on tax receipts and can be obtained from the BBMP portal by searching with owner name or address.,https://bbmptax.karnataka.gov.in,Keep PID safely as it's essential for all tax-related transactions.
property_tax_zone_info,How does property tax zone affect my property tax?,"BBMP divides the city into zones with different Unit Area Values (UAV). Higher UAV zones have higher tax rates. Zone classification depends on location, infrastructure, and land use policies.",https://bbmptax.karnataka.gov.in/pages/disclimer.aspx,Check your property’s zone on the portal before payment to verify tax rates.
report_pothole,How do I report a pothole near my home?,https://site.bbmp.gov.in/departmentwebsites/BBMPIT/fms.html,https://site.bbmp.gov.in/departmentwebsites/BBMPIT/fms.html,Multichannel reporting
report_pothole,What is the fastest way to alert BBMP about road damage?,The quickest way is to register your complaint on the BBMP’s dedicated “Fix Pothole” Android app or call the 1533 helpline. WhatsApp messaging to local ward numbers with location and photos also speeds up notification and response.,https://play.google.com/store/apps/details?id=com.indigo.bbmp.fixpothole,Mobile app
check_repair_status,How do I track my BBMP road repair complaint?,"After logging a complaint, you will receive a ticket number. Use this ticket number on the BBMP grievance portal or call 1533 to inquire about the progress. You may also contact your ward office directly using numbers listed in the official BBMP ward contact directory.",https://site.bbmp.gov.in/contact.html,Ticket tracking
check_repair_status,Can I see if my pothole complaint is approved for repair?,"Yes, verified complaints appear on the BBMP ‘Fix My Street’ portal dashboard with status updates. You can search using your complaint ID or location to check if the repair has been approved or completed.",https://site.bbmp.gov.in/departmentwebsites/BBMPIT/fms.html,Transparency dashboard
use_app,Is there a mobile app for pothole reporting in Bengaluru?,"Yes, the official BBMP Pothole Fix Android app allows citizens to submit complaints with photos and GPS location. It also provides updates and escalation options. The app is free and available on the Google Play Store.",https://play.google.com/store/apps/details?id=com.indigo.bbmp.fixpothole,Official mobile app
repair_timeline,How long does BBMP take to fill potholes after reporting?,The typical repair time varies between 3 to 15 days depending on the ward's workload and severity of the pothole. BBMP prioritizes repairs that affect traffic safety. You may call 1533 for updates or attend ward office public grievance meetings for status.,https://site.bbmp.gov.in/departmentwebsites/BBMPIT/fms.html,Repair timelines
repair_timeline,What is the deadline for pothole repairs in my ward?,"BBMP strives to repair reported potholes within 7 business days. However, monsoon delays and resource allocation can affect timelines. You can follow up using your complaint ID to ensure timely resolution.",https://site.bbmp.gov.in/departmentwebsites/BBMPIT/fms.html,Timeline expectations
public_grievance_meets,When are public grievance meetings held at ward offices?,BBMP ward offices typically conduct weekly grievance redressal meetings on Wednesdays between 11 AM to 3 PM to listen to citizen complaints and provide solutions. Check your local ward office for exact schedules.,https://www.deccanherald.com/india/karnataka/bengaluru/bbmp-ward-offices-to-hold-public-grievance-meetings-on-wednesdays-3294997,Meeting schedules
public_grievance_meets,What should I bring to a ward grievance meeting?,"Please bring your complaint reference numbers, photos if available, proof of prior complaint submissions, and any relevant communication. This ensures quicker processing and accurate redressal by the ward officials.",https://site.bbmp.gov.in/contact.html,Preparation tips
repair_compensation,Can I claim compensation if my vehicle is damaged by a pothole?,"While BBMP is responsible for maintaining roads, claims for vehicle damage due to potholes are generally processed through judicial/legal channels. Keep records of the incident, photos, and proof of complaint logged with BBMP to support any claims.",Local legal advisory sources recommended,Legal advice disclaimer
ask_citizen_service_centers,Where are BBMP Citizen Service Centers located?,"BBMP has set up 10 Citizen Service Centers (CSCs) across Bengaluru to provide hassle-free access to various services including property tax payment, birth/death certificates, khatha certificates, and complaint registration. These centers cover all wards, allowing citizens to access services conveniently.",https://www.scribd.com/doc/54288280/BBMP-Citizen-Service-Center,CSC locations
ask_citizen_service_centers,What services are offered at BBMP Citizen Service Centers?,"At the BBMP Citizen Service Centers, you can pay your property tax, apply for khatha registration and building plan sanctions, and also register complaints or suggestions about BBMP services. The centers function as single windows to avoid visiting multiple offices.",https://www.scribd.com/doc/54288280/BBMP-Citizen-Service-Center,Service offerings
ask_zonal_officer,Who is the zonal commissioner for East Zone BBMP?,mailto:zc-east@bbmp.gov.in,https://site.bbmp.gov.in/zonewiseofficers.html,Zone officer contacts
ask_joint_commissioner,How to contact the Joint Commissioner of East Zone BBMP?,mailto:jceastzone@gmail.com,https://site.bbmp.gov.in/zonewiseofficers.html,Administrative contact
ask_ward_office_hours,What are BBMP ward office working hours for citizens?,"BBMP ward offices generally operate Monday to Saturday, from 9:30 AM to 1:30 PM and 2:30 PM to 7:00 PM. These timings allow citizens to visit for document submissions, payment of taxes, or grievance registrations. Weekend and public holiday schedules vary—confirm with your local office.",https://site.bbmp.gov.in/contact.html,Ward office hours
ask_property_tax_office,Where is the BBMP property tax help center in Jayanagar?,"The BBMP Property Tax help center for Jayanagar is located at 9th Main, 4th Block, Jayanagar, Bengaluru. Contact number: 080-22452654. The center handles property tax inquiries, payments, and related grievances for the locality.",https://site.bbmp.gov.in/PDF/PropertyTax/Details%20of%20English%20helpcentres.pdf,Local tax office
ask_phone_number_ward,How do I find BBMP ward contact numbers for my locality?,https://data.opencity.in,https://data.opencity.in/dataset/bbmp-ward-information/resource/-bengaluru-bbmp-officers-contact-numbers-by-ward,Ward contacts dataset
ask_office_closed,What to do if a BBMP office is closed when I visit?,mailto:comm@bbmp.gov.in,https://site.bbmp.gov.in/contact.html,Alternative channels
ask_holiday_hours,Are BBMP offices open on Saturdays and public holidays?,"Most BBMP offices are open on Saturdays with regular hours but remain closed on public holidays and Sundays. For urgent civic matters on closed days, please contact the 1533 helpline or use the WhatsApp complaint number.",https://site.bbmp.gov.in/contact.html,Holiday periods
ask_office_location,How to find the nearest BBMP zonal office?,https://bbmp.gov.in/ucc_file/Control%20Room%20Numbers.pdf,https://bbmp.gov.in/ucc_file/Control%20Room%20Numbers.pdf,Zone office locations
ask_main_helpline,What is the BBMP main helpline number?,"The main BBMP helpline number is1533, which operates 24/7 and connects residents to all BBMP civic services including complaint registration, emergency reporting, and general information. Calls are routed to the appropriate department based on your query for faster resolution.",https://site.bbmp.gov.in/contact.html,Main head office
ask_main_helpline,How do I reach BBMP quickly on phone?,"Citizens can call1533from any phone in Bengaluru to instantly connect with BBMP痴 centralized support team. The helpline caters to urgent and non-urgent civic needs, including sanitation, water supply, road maintenance, property tax issues, and more. Trained operators guide your call to the right department for prompt help.",https://site.bbmp.gov.in/contact.html,General helpline
ask_office_address,Where is the BBMP head office located?,"The BBMP Head Office is situated atN.R. Square, Bengaluru, Karnataka 560002. You may visit this location for administrative matters, grievance escalation, and inquiries related to Bangalore痴 municipal governance. For zonal or ward-level issues, please contact the respective office listed on the BBMP website.",https://site.bbmp.gov.in/contact.html,Central location
ask_office_hours,What are the BBMP office working hours?,"Most BBMP offices are openMonday to Saturday, 10:00 AM to 5:30 PM. Service timings may vary slightly by ward or department, so it is recommended to call ahead to verify local working hours, especially during holidays. The central helpline (1533) is available 24/7 for urgent complaints.",https://site.bbmp.gov.in/contact.html,Office hours
ask_ward_contact,How do I contact my BBMP ward office?,https://bbmp.gov.in/ucc_file/Control%20Room%20Numbers.pdf,https://bbmp.gov.in/ucc_file/Control%20Room%20Numbers.pdf,Ward contacts
ask_zone_contact,How do I reach the BBMP East Zone control room?,"TheBBMP East Zone control roomis available to address all local civic issues, emergencies, and general complaints. Call 080-22975803 or WhatsApp 9480685702 for support. For specialized departments, the zone contact page lists officer names and numbers for direct escalation.",https://bbmp.gov.in/ucc_file/Control%20Room%20Numbers.pdf,Zone contact
ask_email,What is the BBMP official email address?,mailto:comm@bbmp.gov.in,https://site.bbmp.gov.in/contact.html,Email contact
ask_online_complaint,Can I file a complaint online with BBMP?,mailto:comm@bbmp.gov.in,https://bbmp.gov.in,Multiple channels
ask_complaint_escalation,How do I escalate an unresolved complaint?,mailto:comm@bbmp.gov.in,https://site.bbmp.gov.in/nodalofficer10.html,Escalation steps
ask_lang_support,Does BBMP helpline support regional languages?,"Yes, the BBMP helpline (1533) provides assistance in Kannada, Hindi, and English. Further support for other regional languages may be available depending on the call operator and office. For digital help, WhatsApp and portal forms support input in multiple languages洋aking civic access easier for all citizens.",https://site.bbmp.gov.in/contact.html,Language support
report_pothole,How do I report a pothole near my home?,https://site.bbmp.gov.in/departmentwebsites/BBMPIT/fms.html,https://site.bbmp.gov.in/departmentwebsites/BBMPIT/fms.html,Multichannel reporting
report_pothole,What is the fastest way to alert BBMP about road damage?,The quickest way is to register your complaint on the BBMP’s dedicated “Fix Pothole” Android app or call the 1533 helpline. WhatsApp messaging to local ward numbers with location and photos also speeds up notification and response.,https://play.google.com/store/apps/details?id=com.indigo.bbmp.fixpothole,Mobile app
check_repair_status,How do I track my BBMP road repair complaint?,"After logging a complaint, you will receive a ticket number. Use this ticket number on the BBMP grievance portal or call 1533 to inquire about the progress. You may also contact your ward office directly using numbers listed in the official BBMP ward contact directory.",https://site.bbmp.gov.in/contact.html,Ticket tracking
check_repair_status,Can I see if my pothole complaint is approved for repair?,"Yes, verified complaints appear on the BBMP ‘Fix My Street’ portal dashboard with status updates. You can search using your complaint ID or location to check if the repair has been approved or completed.",https://site.bbmp.gov.in/departmentwebsites/BBMPIT/fms.html,Transparency dashboard
use_app,Is there a mobile app for pothole reporting in Bengaluru?,"Yes, the official BBMP Pothole Fix Android app allows citizens to submit complaints with photos and GPS location. It also provides updates and escalation options. The app is free and available on the Google Play Store.",https://play.google.com/store/apps/details?id=com.indigo.bbmp.fixpothole,Official mobile app
repair_timeline,How long does BBMP take to fill potholes after reporting?,The typical repair time varies between 3 to 15 days depending on the ward's workload and severity of the pothole. BBMP prioritizes repairs that affect traffic safety. You may call 1533 for updates or attend ward office public grievance meetings for status.,https://site.bbmp.gov.in/departmentwebsites/BBMPIT/fms.html,Repair timelines
repair_timeline,What is the deadline for pothole repairs in my ward?,"BBMP strives to repair reported potholes within 7 business days. However, monsoon delays and resource allocation can affect timelines. You can follow up using your complaint ID to ensure timely resolution.",https://site.bbmp.gov.in/departmentwebsites/BBMPIT/fms.html,Timeline expectations
public_grievance_meets,When are public grievance meetings held at ward offices?,BBMP ward offices typically conduct weekly grievance redressal meetings on Wednesdays between 11 AM to 3 PM to listen to citizen complaints and provide solutions. Check your local ward office for exact schedules.,https://www.deccanherald.com/india/karnataka/bengaluru/bbmp-ward-offices-to-hold-public-grievance-meetings-on-wednesdays-3294997,Meeting schedules
public_grievance_meets,What should I bring to a ward grievance meeting?,"Please bring your complaint reference numbers, photos if available, proof of prior complaint submissions, and any relevant communication. This ensures quicker processing and accurate redressal by the ward officials.",https://site.bbmp.gov.in/contact.html,Preparation tips
repair_compensation,Can I claim compensation if my vehicle is damaged by a pothole?,"While BBMP is responsible for maintaining roads, claims for vehicle damage due to potholes are generally processed through judicial/legal channels. Keep records of the incident, photos, and proof of complaint logged with BBMP to support any claims.",Local legal advisory sources recommended,Legal advice disclaimer
request_service_info,What public works services does BBMP provide?,"BBMP provides services including road maintenance, pothole repairs, streetlight installation and repair, drainage cleaning, garbage pickup, park maintenance, and public facility upkeep. You can request any of these via helpline 1533 or through ward offices and online portals.",https://site.bbmp.gov.in/contact.html,Overview of services
file_complaint,How can I file a complaint about a public service failure?,"Complaints can be filed by calling 1533, submitting via the BBMP website grievance form, using WhatsApp at 9480685700, or personally at your ward office. Always include detailed info (location, issue description, photos) for faster response.",https://site.bbmp.gov.in/contact.html,Complaint channels
request_service_status,How do I check the status of a public works service request?,"After filing a complaint, you will get a ticket/reference number. Track status on the BBMP grievance portal, by calling 1533, or through WhatsApp. Alternatively, contact your ward office for detailed updates.",https://site.bbmp.gov.in/contact.html,Complaint tracking
request_service_timeline,How long does BBMP take to complete public work requests?,Timelines vary by service and locality. Minor repairs usually take 3-7 days; complex issues and seasonal workloads can cause delays. Regularly check your request status and escalate unresolved issues via your ward officer or zonal commissioner.,https://site.bbmp.gov.in/contact.html,Timelines and escalation
request_new_services,How do I request new public infrastructure in my ward?,"For new infrastructure requests like streetlights, benches, or park equipment, contact your ward office or place a request through the BBMP portal or helpline. Projects are prioritized based on urgency, budget, and feasibility.",https://site.bbmp.gov.in/contact.html,Service requests
complaint_escalation,What should I do if my public works complaint isn’t addressed?,mailto:comm@bbmp.gov.in,https://site.bbmp.gov.in/nodalofficer10.html,Escalation procedure
ward_office_meetings,When are ward office public grievance meetings held?,"Most BBMP ward offices hold weekly grievance meetings, typically on Wednesdays between 11 AM and 3 PM. These provide an opportunity to raise concerns directly with ward officials and receive status updates on complaints. Check your local ward office for exact schedules.",https://www.deccanherald.com/india/karnataka/bengaluru/bbmp-ward-offices-to-hold-public-grievance-meetings-on-wednesdays-3294997,Public meetings
service_quality_feedback,How can I provide feedback on BBMP public works services?,mailto:comm@bbmp.gov.in,https://site.bbmp.gov.in/contact.html,Feedback mechanisms
online_service_registration,Are there online tools to register service requests?,"Yes, BBMP provides online grievance registration through its official portal and WhatsApp service at 9480685700. These channels support form submissions, image attachments, and GPS location tagging to help streamline requests.",https://site.bbmp.gov.in,Digital services
service_priority,How does BBMP prioritize public work requests?,"BBMP prioritizes work based on severity, safety risk, number of citizens affected, and funding availability. Emergency repairs and critical infrastructure receive precedence over routine maintenance. Complaint monitoring data informs prioritization decisions.",https://site.bbmp.gov.in/contact.html,Work priority
request_public_service,How can I request streetlight repairs in my area?,"You can request streetlight repairs by calling BBMP helpline 1533, sending a WhatsApp message to 9480685700, or submitting a complaint via the official BBMP grievance portal. Please provide the exact location and any relevant details, such as the pole number or nearby landmarks.",https://site.bbmp.gov.in/contact.html,Multichannel requests
request_public_service,What is the process to request road cleaning in my locality?,"To request road cleaning services, use the BBMP helpline (1533), online portal, or visit your ward office. Provide details about the location and type of waste. Timely request submissions help in faster deployment of cleaning teams.",https://site.bbmp.gov.in/contact.html,Cleaning services
request_public_service,How do I apply for tree planting or park maintenance requests?,BBMP’s Horticulture Department handles these requests. You can call their office or submit requests online via the BBMP website or your ward office. Include location specifics and type of service required for prompt action.,https://site.bbmp.gov.in/contact.html,Horticulture contact
complaint_filing,How do I file a general complaint with BBMP?,"Complaints can be registered by calling 1533, sending a WhatsApp message to 9480685700, visiting the BBMP grievance portal, or in-person at your ward office. Keep details ready, including address, ward number, and description/photos of the issue. You will receive a complaint reference number.",https://site.bbmp.gov.in/contact.html,Complaint submission channels
complaint_filing,Can I file complaints for issues outside my ward?,"While BBMP recommends filing complaints in the ward where the issue is located, general complaints affecting multiple wards can also be registered at the central helpline. Use precise locations to ensure correct routing of your complaint.",https://site.bbmp.gov.in/contact.html,Precise complaint locations
complaint_filing,Are there different complaint categories on BBMP portal?,"Yes, BBMP categorizes complaints into solid waste, roads, water supply, parks, lighting, and more. Selecting the right category helps direct your complaint to the appropriate department swiftly.",https://bbmp.gov.in,Categorized complaints
complaint_tracking,How can I track the status of my complaint?,"After filing a complaint, use the reference ID to check status via the BBMP portal, call 1533, or WhatsApp. Updates include receipt, assignment, action taken, and closure.",https://site.bbmp.gov.in,Multi-channel tracking
complaint_tracking,What to do if my complaint shows resolved but the issue persists?,"If your complaint status is ‘resolved’ but you observe the issue persisting, you may reopen the complaint via the portal or escalate by contacting your ward officer directly with your complaint number for urgent re-assessment.",https://site.bbmp.gov.in,Escalation steps
escalation_process,What is the escalation procedure for unresolved complaints?,mailto:comm@bbmp.gov.in,https://site.bbmp.gov.in/nodalofficer10.html,Hierarchical escalation
service_request_timeline,How long does it take BBMP to respond to service requests?,Response times vary by issue urgency and ward. Minor issues such as streetlight repairs or waste collection usually receive action within 3-7 days. Complex issues may take longer. Use complaint tracking to monitor progress and escalate if needed.,https://site.bbmp.gov.in/contact.html,Approximate timelines
service_request_timeline,Does BBMP provide service timelines on complaints?,"BBMP has internal service level agreements (SLAs) for different complaint types, aiming for quick redressal. Timelines can differ during monsoons or festival seasons due to workload. You can inquire about SLAs via the helpline.",https://site.bbmp.gov.in/contact.html,SLA information
multi_channel_support,Can I report issues via WhatsApp or only phone?,"BBMP supports complaints via multiple channels including phone (1533), WhatsApp (9480685700), email, online portal, and in-person visits to ward offices, increasing accessibility for all residents.",https://site.bbmp.gov.in/contact.html,Multichannel access
multi_channel_support,Is BBMP complaint service accessible through mobile apps?,"Yes, BBMP offers mobile apps such as ‘BBMP Sahaaya’ and ‘Fix My Street’ for complaint registration and tracking with user-friendly interfaces and the ability to attach photos and GPS locations.",https://site.bbmp.gov.in,App-based services
offline_support,Can I visit BBMP ward office for registering complaints?,"Yes, citizens can visit their local ward offices during business hours to register complaints, submit documents, and get status updates. Ward office addresses and phone numbers are listed on the BBMP website and ward contact PDFs.",https://site.bbmp.gov.in/contact.html,Offline access points
offline_support,Are there special helpdesks for senior citizens or disabled?,Certain BBMP wards have dedicated help desks or special provisions to aid senior citizens and persons with disabilities in complaint filing and accessing services. Check with your local ward office or helpline for availability.,https://site.bbmp.gov.in/contact.html,Special provisions
citizen_feedback,How can I provide feedback on BBMP services?,"Feedback can be submitted via the helpline, online portals, or at ward offices. BBMP encourages constructive citizen feedback to improve services. Some services include satisfaction surveys post-complaint resolution for ongoing quality control.",https://site.bbmp.gov.in/contact.html,Feedback mechanisms
community_participation,How can I volunteer or participate in civic initiatives?,BBMP supports citizen involvement through various forums and programs like ward committees and neighborhood cleanliness drives. Contact your ward office or visit BBMP’s website for details on how to join or start local initiatives.,https://site.bbmp.gov.in,Civic engagement
digital_inclusion,Does BBMP provide assistance for digital complaints?,"Yes, some BBMP Citizen Service Centers and ward offices help citizens lacking digital skills to file complaints online or via WhatsApp, ensuring accessibility across socio-economic groups.",https://site.bbmp.gov.in/citizenservice.html,Inclusive access
corruption_redressal,Where can I report corruption or unethical service denial?,Complaints related to corruption can be filed with BBMP Anti-Corruption Cell or Vigilance Department via official emails or by lodging an RTI request. Sensitive complaints can be submitted anonymously with proper documentation.,https://site.bbmp.gov.in/contact.html,Anti-corruption cell
urban_infrastructure,Which BBMP department handles streetlight installation?,"The Electrical Department of BBMP is responsible for streetlight installation and maintenance. You can report outages or request new installations via 1533, WhatsApp, or online portal.",https://site.bbmp.gov.in/contact.html,Departmental info
ask_birth_certificate,How do I apply for a birth certificate in Bangalore?,Births should be registered within 21 days at the nearest BBMP Medical Health Office. Certificates are issued free at hospital discharge.,https://www.scribd.com/document/310340509/How-to-apply-in-BBMP-Birth-Death-Certificate ,Register at BBMP; Free copy from hospital
ask_birth_certificate,Where can I get my child’s birth certificate in Bangalore?,Birth certificates are available at BBMP Medical Health Offices.,https://ejanma.karnataka.gov.in ,Download online from EJanma portal
ask_birth_certificate,What is the fee for a birth certificate?,Fee is ₹5 plus ₹20 service charge for in-person applications; online applications have no service charge.,https://citizenmatters.in/how-to-get-birth-death-certificate-in-bengaluru/ ,Fee details: ₹5 (+ ₹20 offline)
ask_birth_certificate,Can I apply for a birth certificate online?,You can apply online at EJanma Karnataka website.,https://ejanma.karnataka.gov.in ,Online application option available
ask_birth_certificate,What documents are needed for a birth certificate?,"You need a filled birth application, hospital discharge copy, and photo ID of applicant/parents.",https://www.scribd.com/document/310340509/How-to-apply-in-BBMP-Birth-Death-Certificate ,"List: ID, hospital discharge copy"
ask_death_certificate,How do I get a death certificate in Bangalore?,Register death within 21 days at BBMP office; certificate is provided upon registration at Medical Health Office of BBMP.,https://www.scribd.com/document/310340509/How-to-apply-in-BBMP-Birth-Death-Certificate ,BBMP office or hospital registration
ask_death_certificate,What is the process for a death certificate if death happened at home?,"Register at BBMP, provide medical certificate/discharge slip, and photo ID.",https://citizenmatters.in/how-to-get-birth-death-certificate-in-bengaluru/ ,Documents needed for home deaths
ask_birth_certificate,How to include a name in the birth certificate after registration?,"Submit the Birth Application & Name inclusion form at BBMP, signed by parents, with discharge copy and photo ID.",https://www.scribd.com/document/310340509/How-to-apply-in-BBMP-Birth-Death-Certificate ,Name inclusion possible post registration
ask_birth_certificate,What if birth/death is not registered within the time limit?,"Registration after 21 days incurs ₹25 penalty up to 30 days, ₹50 up to 1 year; affidavit may be required.",https://www.scribd.com/document/310340509/How-to-apply-in-BBMP-Birth-Death-Certificate ,"Penalty details, affidavit required"
ask_trade_license,How do I apply for a BBMP trade license?,"Apply online via BBMP’s official site; submit PAN, Aadhaar, rental/property docs, NOC, fire/health certificates, and pay fees.",https://instafiling.com/bbmp-trade-license-online-application/ ,"Document list, online application"
ask_trade_license,What documents are required for a trade license?,"PAN card, Aadhaar card, property documents, NOC from landlord, fire/health certificates (if applicable).",https://instafiling.com/bbmp-trade-license-online-application/ ,Checklist for trade license
ask_trade_license,How long does it take to get a BBMP trade license?,"After submission, BBMP inspects premises; license is issued within 7–15 working days if compliant.",https://poweroffactorial.in/bbmp-trade-license-application-renewal-fees-guide/ ,Time for processing
ask_trade_license,Why do I need a BBMP trade license?,"Trade licenses are mandatory for operating businesses in BBMP limits, ensuring legal, health, and safety compliance.",https://poweroffactorial.in/bbmp-trade-license-application-renewal-fees-guide/ ,Legal and safety requirement
pay_water_bill,How do I pay my BWSSB water bill online?,"Log in to https://owc.bwssb.gov.in, enter RR Number and use ‘Quick Pay’ or registered account options.",https://owc.bwssb.gov.in,BWSSB citizen portal for bill payments
pay_water_bill,Can I download my BWSSB water bill receipt?,"Yes, download payment receipts after transaction on https://owc.bwssb.gov.in in the account section.",https://owc.bwssb.gov.in,Receipts available after every paid bill
pay_water_bill,How can I check BWSSB bill due date?,Due date is listed on the online bill after login. Check anytime at https://owc.bwssb.gov.in.,https://owc.bwssb.gov.in,Direct bill due dates per RR number
pay_water_bill,Can I view my previous BWSSB bills?,"Yes, previous bills and history are available in your profile at https://owc.bwssb.gov.in.",https://owc.bwssb.gov.in,Complete bill history available
water_supply_complaint,How do I raise a complaint about water supply?,File complaints online at https://owc.bwssb.gov.in using the complaint management system.,https://owc.bwssb.gov.in,Automated ticketing for all consumer complaints
water_supply_complaint,Can I track status of my complaint?,Log in at https://owc.bwssb.gov.in to check complaint status and updates.,https://owc.bwssb.gov.in,Real-time status for all complaint types
water_new_connection,How do I apply for a new water connection?,"At https://owc.bwssb.gov.in, complete registration, upload documents, and track status online.",https://owc.bwssb.gov.in,Online application for new connections
water_supply_timings,How do I check supply timings for my area?,Log in at https://owc.bwssb.gov.in or view area supply notifications (Water Alerts section).,https://owc.bwssb.gov.in,Real-time area supply alerts and notices
water_bill_consumerid,Where can I find my RR Number/Consumer ID?,Your RR Number appears on bills and profile at https://owc.bwssb.gov.in after login.,https://owc.bwssb.gov.in,RR/Consumer ID always visible on user dashboard
water_bill_help,Who do I contact for BWSSB help?,"Use the “Contact Us” link at https://owc.bwssb.gov.in for support numbers, emails, and helpdesk form.",https://owc.bwssb.gov.in,All help channels listed on dedicated page
water_bill_challan,How do I pay BWSSB charges via challan?,Download and pay official challans at https://owc.bwssb.gov.in under “Payments” section.,https://owc.bwssb.gov.in,Challan and online payment options provided
water_connection_transfer,How do I transfer ownership or update connection details?,"Request connection/ownership transfer at https://owc.bwssb.gov.in, upload required documents.",https://owc.bwssb.gov.in,Transfer services handled online
water_service_rights,What water services are available online?,"All bill, complaint, connection, and receipt functions are available at https://owc.bwssb.gov.in.",https://owc.bwssb.gov.in,Full list under “Citizen Services” tab